{"cameraMode":{"drawMode":0,"name":"Shaded","section":"Shading Mode"},"sceneLighting":false,"audioPlay":false,"sceneViewState":{"showFog":true,"showMaterialUpdate":false,"showSkybox":true,"showFlares":true,"showImageEffects":true,"showParticleSystems":true},"in2DMode":false,"pivot":{"x":0.7125571966171265,"y":-0.19589710235595704,"z":-1.5599284172058106},"rotation":{"x":-0.052164286375045779,"y":-0.9477319121360779,"z":0.22981539368629456,"w":-0.2151215523481369},"size":1.6414556503295899,"orthographic":false}