{"cameraMode":{"drawMode":0,"name":"Shaded","section":"Shading Mode"},"sceneLighting":true,"audioPlay":false,"sceneViewState":{"showFog":true,"showMaterialUpdate":false,"showSkybox":true,"showFlares":true,"showImageEffects":true,"showParticleSystems":true},"in2DMode":false,"pivot":{"x":-0.08221760392189026,"y":1.8932278156280518,"z":0.8249949216842651},"rotation":{"x":0.002083590254187584,"y":-0.9889973402023315,"z":0.14734657108783723,"w":0.013956268317997456},"size":0.5866798162460327,"orthographic":false}