{"cameraMode":{"drawMode":0,"name":"Shaded","section":"Shading Mode"},"sceneLighting":true,"audioPlay":false,"sceneViewState":{"showFog":true,"showMaterialUpdate":false,"showSkybox":true,"showFlares":true,"showImageEffects":true,"showParticleSystems":true},"in2DMode":false,"pivot":{"x":2.906032085418701,"y":-1.3213534355163575,"z":9.569746971130371},"rotation":{"x":0.24061326682567597,"y":0.6110140085220337,"z":-0.202375590801239,"w":0.726591944694519},"size":9.476917266845704,"orthographic":false}