{"cameraMode":{"drawMode":0,"name":"Shaded","section":"Shading Mode"},"sceneLighting":true,"audioPlay":false,"sceneViewState":{"showFog":true,"showMaterialUpdate":false,"showSkybox":true,"showFlares":true,"showImageEffects":true,"showParticleSystems":true},"in2DMode":false,"pivot":{"x":1.4488000869750977,"y":-10.916605949401856,"z":4.320410251617432},"rotation":{"x":0.37397369742393496,"y":0.6203526258468628,"z":-0.4316263794898987,"w":0.5376954078674316},"size":11.692956924438477,"orthographic":false}