{"cameraMode":{"drawMode":0,"name":"Shaded","section":"Shading Mode"},"sceneLighting":false,"audioPlay":false,"sceneViewState":{"showFog":true,"showMaterialUpdate":false,"showSkybox":false,"showFlares":true,"showImageEffects":true,"showParticleSystems":true},"in2DMode":false,"pivot":{"x":-0.2988009452819824,"y":1.6022820472717286,"z":1.6602375507354737},"rotation":{"x":-0.0885244756937027,"y":0.7593295574188232,"z":-0.1056954488158226,"w":-0.6359460949897766},"size":3.144118547439575,"orthographic":false}