{"cameraMode":{"drawMode":0,"name":"Shaded","section":"Shading Mode"},"sceneLighting":false,"audioPlay":false,"sceneViewState":{"showFog":true,"showMaterialUpdate":false,"showSkybox":true,"showFlares":true,"showImageEffects":true,"showParticleSystems":true},"in2DMode":false,"pivot":{"x":-2.0538229942321779,"y":0.4882770776748657,"z":10.032638549804688},"rotation":{"x":-0.2483586221933365,"y":-0.3980766236782074,"z":0.11289304494857788,"w":-0.8758728504180908},"size":0.9546753764152527,"orthographic":false}