{"cameraMode":{"drawMode":0,"name":"Shaded","section":"Shading Mode"},"sceneLighting":true,"audioPlay":false,"sceneViewState":{"showFog":true,"showMaterialUpdate":false,"showSkybox":true,"showFlares":true,"showImageEffects":true,"showParticleSystems":true},"in2DMode":false,"pivot":{"x":0.6786766052246094,"y":-6.87028694152832,"z":8.959678649902344},"rotation":{"x":-0.28166234493255618,"y":-0.7076926827430725,"z":0.3795793056488037,"w":-0.5251457691192627},"size":9.492096900939942,"orthographic":false}