{"cameraMode":{"drawMode":0,"name":"Shaded","section":"Shading Mode"},"sceneLighting":true,"audioPlay":false,"sceneViewState":{"showFog":true,"showMaterialUpdate":false,"showSkybox":false,"showFlares":true,"showImageEffects":true,"showParticleSystems":true},"in2DMode":false,"pivot":{"x":-1.6871510744094849,"y":4.096363067626953,"z":4.767775535583496},"rotation":{"x":-0.04808475077152252,"y":-0.9451457262039185,"z":-0.16291816532611848,"w":0.27907082438468935},"size":2.4635000228881838,"orthographic":false}