{"cameraMode":{"drawMode":0,"name":"Shaded","section":"Shading Mode"},"sceneLighting":true,"audioPlay":false,"sceneViewState":{"showFog":true,"showMaterialUpdate":false,"showSkybox":true,"showFlares":true,"showImageEffects":true,"showParticleSystems":true},"in2DMode":false,"pivot":{"x":21.66014862060547,"y":-19.240459442138673,"z":39.36656188964844},"rotation":{"x":0.233039990067482,"y":0.3088850677013397,"z":-0.07834572345018387,"w":0.9187934398651123},"size":22.81378936767578,"orthographic":false}