{"cameraMode":{"drawMode":0,"name":"Shaded","section":"Shading Mode"},"sceneLighting":false,"audioPlay":false,"sceneViewState":{"showFog":true,"showMaterialUpdate":false,"showSkybox":false,"showFlares":true,"showImageEffects":true,"showParticleSystems":true},"in2DMode":false,"pivot":{"x":0.0029811859130859377,"y":0.2521284818649292,"z":2.6434521675109865},"rotation":{"x":-0.11289273947477341,"y":0.6130601763725281,"z":-0.08908753842115402,"w":-0.7768479585647583},"size":1.3441188335418702,"orthographic":false}