{"cameraMode":{"drawMode":0,"name":"Shaded","section":"Shading Mode"},"sceneLighting":true,"audioPlay":false,"sceneViewState":{"showFog":true,"showMaterialUpdate":false,"showSkybox":true,"showFlares":true,"showImageEffects":true,"showParticleSystems":true},"in2DMode":false,"pivot":{"x":-9.568463325500489,"y":-1.842226505279541,"z":12.64984130859375},"rotation":{"x":-0.11173631250858307,"y":0.33198273181915285,"z":-0.03957131505012512,"w":-0.9358663558959961},"size":10.632230758666993,"orthographic":false}