{"cameraMode":{"drawMode":0,"name":"Shaded","section":"Shading Mode"},"sceneLighting":true,"audioPlay":false,"sceneViewState":{"showFog":true,"showMaterialUpdate":false,"showSkybox":true,"showFlares":true,"showImageEffects":true,"showParticleSystems":true},"in2DMode":false,"pivot":{"x":31.124311447143556,"y":-30.179561614990236,"z":44.116539001464847},"rotation":{"x":0.29970085620880129,"y":0.3560883700847626,"z":-0.12172555923461914,"w":0.8766922354698181},"size":28.45367431640625,"orthographic":false}