{"cameraMode":{"drawMode":0,"name":"Shaded","section":"Shading Mode"},"sceneLighting":true,"audioPlay":false,"sceneViewState":{"showFog":true,"showMaterialUpdate":false,"showSkybox":true,"showFlares":true,"showImageEffects":true,"showParticleSystems":true},"in2DMode":false,"pivot":{"x":0.15999746322631837,"y":1.500583529472351,"z":0.7690404653549194},"rotation":{"x":-0.0005074465298093855,"y":-0.9995002746582031,"z":0.021890612319111825,"w":-0.023381458595395089},"size":0.4702824354171753,"orthographic":false}