{"cameraMode":{"drawMode":0,"name":"Shaded","section":"Shading Mode"},"sceneLighting":false,"audioPlay":false,"sceneViewState":{"showFog":true,"showMaterialUpdate":false,"showSkybox":true,"showFlares":true,"showImageEffects":true,"showParticleSystems":true},"in2DMode":false,"pivot":{"x":-6.333968162536621,"y":-9.924759864807129,"z":1.2149581909179688},"rotation":{"x":0.1317036747932434,"y":-0.8650407195091248,"z":0.3804126977920532,"w":0.299480140209198},"size":7.876906394958496,"orthographic":false}