{"cameraMode":{"drawMode":0,"name":"Shaded","section":"Shading Mode"},"sceneLighting":false,"audioPlay":false,"sceneViewState":{"showFog":true,"showMaterialUpdate":false,"showSkybox":false,"showFlares":true,"showImageEffects":true,"showParticleSystems":true},"in2DMode":false,"pivot":{"x":0.4487159252166748,"y":1.0915014743804932,"z":10.331937789916993},"rotation":{"x":0.004434898495674133,"y":0.38543933629989626,"z":-0.001860929187387228,"w":0.922745943069458},"size":0.39084023237228396,"orthographic":false}