{"cameraMode":{"drawMode":0,"name":"Shaded","section":"Shading Mode"},"sceneLighting":false,"audioPlay":false,"sceneViewState":{"showFog":true,"showMaterialUpdate":false,"showSkybox":false,"showFlares":true,"showImageEffects":true,"showParticleSystems":true},"in2DMode":false,"pivot":{"x":0.4007389545440674,"y":1.0057884454727173,"z":9.553757667541504},"rotation":{"x":0.037606120109558108,"y":0.9303683042526245,"z":-0.0997558981180191,"w":0.35085049271583559},"size":0.39084023237228396,"orthographic":false}