{"cameraMode":{"drawMode":0,"name":"Shaded","section":"Shading Mode"},"sceneLighting":false,"audioPlay":false,"sceneViewState":{"showFog":true,"showMaterialUpdate":false,"showSkybox":false,"showFlares":true,"showImageEffects":true,"showParticleSystems":true},"in2DMode":false,"pivot":{"x":0.298828125,"y":1.2242431640625,"z":1.833740234375},"rotation":{"x":-0.08629243075847626,"y":-0.4656605124473572,"z":0.04571591690182686,"w":-0.8795778751373291},"size":2.211200714111328,"orthographic":true}