{"cameraMode":{"drawMode":0,"name":"Shaded","section":"Shading Mode"},"sceneLighting":false,"audioPlay":false,"sceneViewState":{"showFog":true,"showMaterialUpdate":false,"showSkybox":false,"showFlares":true,"showImageEffects":true,"showParticleSystems":true},"in2DMode":false,"pivot":{"x":-0.04777175188064575,"y":1.3256173133850098,"z":9.192758560180664},"rotation":{"x":-0.006651395931839943,"y":0.9825172424316406,"z":-0.03568778932094574,"w":-0.18273213505744935},"size":0.5722712278366089,"orthographic":false}