{"cameraMode":{"drawMode":0,"name":"Shaded","section":"Shading Mode"},"sceneLighting":false,"audioPlay":false,"sceneViewState":{"showFog":true,"showMaterialUpdate":false,"showSkybox":true,"showFlares":true,"showImageEffects":true,"showParticleSystems":true},"in2DMode":false,"pivot":{"x":-13.591679573059082,"y":-11.622772216796875,"z":48.234710693359378},"rotation":{"x":-0.1391192078590393,"y":0.15440694987773896,"z":-0.021962134167551996,"w":-0.9779365658760071},"size":25.073575973510743,"orthographic":false}