{"cameraMode":{"drawMode":0,"name":"Shaded","section":"Shading Mode"},"sceneLighting":false,"audioPlay":false,"sceneViewState":{"showFog":true,"showMaterialUpdate":false,"showSkybox":true,"showFlares":true,"showImageEffects":true,"showParticleSystems":true},"in2DMode":false,"pivot":{"x":-0.5199003219604492,"y":1.1067204475402833,"z":9.526618957519532},"rotation":{"x":0.13711386919021607,"y":-0.4352121651172638,"z":0.06723786145448685,"w":0.8873064517974854},"size":1.03239107131958,"orthographic":false}