{"cameraMode":{"drawMode":0,"name":"Shaded","section":"Shading Mode"},"sceneLighting":true,"audioPlay":false,"sceneViewState":{"showFog":true,"showMaterialUpdate":false,"showSkybox":true,"showFlares":true,"showImageEffects":true,"showParticleSystems":true},"in2DMode":false,"pivot":{"x":1.5526002645492554,"y":-0.1016237735748291,"z":2.784168004989624},"rotation":{"x":0.33868449926376345,"y":-0.3636573851108551,"z":0.14387628436088563,"w":0.8558425307273865},"size":2.757415533065796,"orthographic":false}