{"cameraMode":{"drawMode":0,"name":"Shaded","section":"Shading Mode"},"sceneLighting":true,"audioPlay":false,"sceneViewState":{"showFog":true,"showMaterialUpdate":false,"showSkybox":true,"showFlares":true,"showImageEffects":true,"showParticleSystems":true},"in2DMode":false,"pivot":{"x":16.076168060302736,"y":-11.770889282226563,"z":-8.419414520263672},"rotation":{"x":0.0790514424443245,"y":0.9030510783195496,"z":-0.18907968699932099,"w":0.37753230333328249},"size":19.165023803710939,"orthographic":false}