{"cameraMode":{"drawMode":0,"name":"Shaded","section":"Shading Mode"},"sceneLighting":true,"audioPlay":false,"sceneViewState":{"showFog":true,"showMaterialUpdate":false,"showSkybox":true,"showFlares":true,"showImageEffects":true,"showParticleSystems":true},"in2DMode":false,"pivot":{"x":-7.6756391525268559,"y":-7.037598609924316,"z":-15.706649780273438},"rotation":{"x":-0.027243249118328096,"y":0.9695411920547485,"z":-0.2075614631175995,"w":-0.12726718187332154},"size":10.518762588500977,"orthographic":false}