{"cameraMode":{"drawMode":0,"name":"Shaded","section":"Shading Mode"},"sceneLighting":true,"audioPlay":false,"sceneViewState":{"showFog":true,"showMaterialUpdate":false,"showSkybox":true,"showFlares":true,"showImageEffects":true,"showParticleSystems":true},"in2DMode":false,"pivot":{"x":2.720278263092041,"y":1.6210479736328126,"z":-6.563729286193848},"rotation":{"x":-0.010051677003502846,"y":0.977134644985199,"z":0.04753262177109718,"w":0.207040935754776},"size":5.86183500289917,"orthographic":false}