{"cameraMode":{"drawMode":0,"name":"Shaded","section":"Shading Mode"},"sceneLighting":true,"audioPlay":false,"sceneViewState":{"showFog":true,"showMaterialUpdate":false,"showSkybox":true,"showFlares":true,"showImageEffects":true,"showParticleSystems":true},"in2DMode":false,"pivot":{"x":0.6986496448516846,"y":-8.31282901763916,"z":-15.16525936126709},"rotation":{"x":0.026066860184073449,"y":0.9632475972175598,"z":-0.24739284813404084,"w":0.10149626433849335},"size":11.104081153869629,"orthographic":false}