{"cameraMode":{"drawMode":0,"name":"Shaded","section":"Shading Mode"},"sceneLighting":false,"audioPlay":false,"sceneViewState":{"showFog":true,"showMaterialUpdate":false,"showSkybox":false,"showFlares":true,"showImageEffects":true,"showParticleSystems":true},"in2DMode":false,"pivot":{"x":-0.0577392578125,"y":0.77276611328125,"z":2.2344970703125},"rotation":{"x":-0.08629243075847626,"y":-0.4656605124473572,"z":0.04571591690182686,"w":-0.8795778751373291},"size":0.673733651638031,"orthographic":true}