{"cameraMode":{"drawMode":0,"name":"Shaded","section":"Shading Mode"},"sceneLighting":true,"audioPlay":false,"sceneViewState":{"showFog":true,"showMaterialUpdate":false,"showSkybox":true,"showFlares":true,"showImageEffects":true,"showParticleSystems":true},"in2DMode":false,"pivot":{"x":-32.121463775634769,"y":-16.00130844116211,"z":65.94096374511719},"rotation":{"x":0.12898914515972138,"y":-0.25266575813293459,"z":0.03409580513834953,"w":0.9583832621574402},"size":44.8981819152832,"orthographic":false}