{"cameraMode":{"drawMode":0,"name":"Shaded","section":"Shading Mode"},"sceneLighting":true,"audioPlay":false,"sceneViewState":{"showFog":true,"showMaterialUpdate":false,"showSkybox":false,"showFlares":true,"showImageEffects":true,"showParticleSystems":true},"in2DMode":false,"pivot":{"x":-1.7465553283691407,"y":1.3417325019836426,"z":5.056030750274658},"rotation":{"x":0.05797185003757477,"y":-0.9310068488121033,"z":0.16970866918563844,"w":0.3179614543914795},"size":2.4635000228881838,"orthographic":false}