{"cameraMode":{"drawMode":0,"name":"Shaded","section":"Shading Mode"},"sceneLighting":false,"audioPlay":false,"sceneViewState":{"showFog":true,"showMaterialUpdate":false,"showSkybox":true,"showFlares":true,"showImageEffects":true,"showParticleSystems":true},"in2DMode":false,"pivot":{"x":2.553955554962158,"y":-0.08690834045410156,"z":1.5885493755340577},"rotation":{"x":-0.08417852967977524,"y":-0.8891931176185608,"z":0.18200603127479554,"w":-0.4112556278705597},"size":2.667158842086792,"orthographic":false}