{"cameraMode":{"drawMode":0,"name":"Shaded","section":"Shading Mode"},"sceneLighting":false,"audioPlay":false,"sceneViewState":{"showFog":true,"showMaterialUpdate":false,"showSkybox":false,"showFlares":true,"showImageEffects":true,"showParticleSystems":true},"in2DMode":false,"pivot":{"x":-2.5,"y":0.2600000500679016,"z":-7.980000019073486},"rotation":{"x":0.23236040771007539,"y":-0.1823529452085495,"z":0.044374000281095508,"w":0.9544127583503723},"size":0.17320497334003449,"orthographic":false}