{"cameraMode":{"drawMode":0,"name":"Shaded","section":"Shading Mode"},"sceneLighting":false,"audioPlay":false,"sceneViewState":{"showFog":true,"showMaterialUpdate":false,"showSkybox":true,"showFlares":true,"showImageEffects":true,"showParticleSystems":true},"in2DMode":false,"pivot":{"x":-3.2544543743133547,"y":-2.4887194633483888,"z":14.712093353271485},"rotation":{"x":0.2556470036506653,"y":-0.2613438367843628,"z":0.07198716700077057,"w":0.9280105829238892},"size":4.41325569152832,"orthographic":false}