{"cameraMode":{"drawMode":0,"name":"Shaded","section":"Shading Mode"},"sceneLighting":false,"audioPlay":false,"sceneViewState":{"showFog":true,"showMaterialUpdate":false,"showSkybox":true,"showFlares":true,"showImageEffects":true,"showParticleSystems":true},"in2DMode":false,"pivot":{"x":-0.5767414569854736,"y":-1.5031797885894776,"z":12.522326469421387},"rotation":{"x":-0.2758398950099945,"y":-0.2326294183731079,"z":0.0689980611205101,"w":-0.9300980567932129},"size":3.007394790649414,"orthographic":false}