{"cameraMode":{"drawMode":0,"name":"Shaded","section":"Shading Mode"},"sceneLighting":false,"audioPlay":false,"sceneViewState":{"showFog":true,"showMaterialUpdate":false,"showSkybox":false,"showFlares":true,"showImageEffects":true,"showParticleSystems":true},"in2DMode":false,"pivot":{"x":-1.6643717288970948,"y":0.23391366004943849,"z":-3.206160545349121},"rotation":{"x":-0.03971400484442711,"y":0.9484681487083435,"z":-0.13202542066574098,"w":-0.2853081524372101},"size":2.9660251140594484,"orthographic":false}