{"cameraMode":{"drawMode":0,"name":"Shaded","section":"Shading Mode"},"sceneLighting":false,"audioPlay":false,"sceneViewState":{"showFog":true,"showMaterialUpdate":false,"showSkybox":false,"showFlares":true,"showImageEffects":true,"showParticleSystems":true},"in2DMode":false,"pivot":{"x":-0.17098307609558106,"y":-0.18043163418769837,"z":-0.48944056034088137},"rotation":{"x":0.06146341189742088,"y":-0.9301234483718872,"z":0.18254037201404572,"w":0.31288594007492068},"size":0.727484405040741,"orthographic":false}