{"cameraMode":{"drawMode":0,"name":"Shaded","section":"Shading Mode"},"sceneLighting":true,"audioPlay":false,"sceneViewState":{"showFog":true,"showMaterialUpdate":false,"showSkybox":true,"showFlares":true,"showImageEffects":true,"showParticleSystems":true},"in2DMode":false,"pivot":{"x":39.68979263305664,"y":-31.86819076538086,"z":26.704421997070314},"rotation":{"x":0.2690669894218445,"y":0.5439033508300781,"z":-0.18958380818367005,"w":0.7719169855117798},"size":29.981409072875978,"orthographic":false}