{"cameraMode":{"drawMode":0,"name":"Shaded","section":"Shading Mode"},"sceneLighting":false,"audioPlay":false,"sceneViewState":{"showFog":true,"showMaterialUpdate":false,"showSkybox":true,"showFlares":true,"showImageEffects":true,"showParticleSystems":true},"in2DMode":false,"pivot":{"x":18.78322982788086,"y":-10.307177543640137,"z":10.071767807006836},"rotation":{"x":0.1719716489315033,"y":0.6104316711425781,"z":-0.13798852264881135,"w":0.7607948780059815},"size":16.10175323486328,"orthographic":false}