{"cameraMode":{"drawMode":0,"name":"Shaded","section":"Shading Mode"},"sceneLighting":false,"audioPlay":false,"sceneViewState":{"showFog":true,"showMaterialUpdate":false,"showSkybox":true,"showFlares":true,"showImageEffects":true,"showParticleSystems":true},"in2DMode":false,"pivot":{"x":9.000913619995118,"y":-0.22204184532165528,"z":13.982719421386719},"rotation":{"x":-0.06733424961566925,"y":-0.3294335901737213,"z":0.023561812937259675,"w":-0.9414864778518677},"size":9.044934272766114,"orthographic":false}