{"cameraMode":{"drawMode":0,"name":"Shaded","section":"Shading Mode"},"sceneLighting":false,"audioPlay":false,"sceneViewState":{"showFog":true,"showMaterialUpdate":false,"showSkybox":false,"showFlares":true,"showImageEffects":true,"showParticleSystems":true},"in2DMode":false,"pivot":{"x":0.0,"y":1.3919999599456788,"z":9.609501838684082},"rotation":{"x":-0.15315940976142884,"y":0.5227887034416199,"z":-0.09610281139612198,"w":-0.8330932855606079},"size":0.27227121591567995,"orthographic":false}